Strategy,Threshold,Precision,Recall,F1 Score
Maximum Recall,1.2365844857638772e-05,0.034,1.0,0.06576402320447157
Maximum Precision,0.9554503363174037,1.0,0.9264705882352942,0.9618320610187752
Balanced Performance,0.9554503363174037,1.0,0.9264705882352942,0.9618320610187752
