noise_level,recall,precision,f1,roc_auc,pr_auc
0.0,0.7647058823529411,0.8387096774193549,0.8,0.969621544269882,0.8422939752948716
