noise_level,recall,precision,f1,roc_auc,pr_auc
0.0,0.7647058823529411,0.8387096774193549,0.8,0.969621544269882,0.8422939752948716
0.05,0.7205882352941176,0.8032786885245902,0.7596899224806202,0.9687233589087808,0.7679501107444006
0.1,0.7352941176470589,0.7142857142857143,0.7246376811594203,0.9662038728534893,0.7416415996264228
0.2,0.6323529411764706,0.5308641975308642,0.5771812080536913,0.9410622944830106,0.5669273904596118
0.3,0.5294117647058824,0.4235294117647059,0.47058823529411764,0.9172984411155767,0.44796422044799605
