recall,precision,f1,roc_auc,pr_auc
0.7910447761194029,0.5247524752475248,0.6309523809523809,0.9717089668059082,0.7564601811663269
0.75,0.5204081632653061,0.6144578313253012,0.9615607112410182,0.7011243984400648
0.7647058823529411,0.5714285714285714,0.6540880503144654,0.9713722445499938,0.7087869408040303
0.8676470588235294,0.48360655737704916,0.6210526315789474,0.9686015710632079,0.7810599862819567
0.7352941176470589,0.49019607843137253,0.5882352941176471,0.9590107782243332,0.7311744880726737
