,clean,30%_noise
recall,0.9117647058823529,0.8529411764705882
precision,0.30845771144278605,0.21245421245421245
f1,0.46096654275092935,0.34017595307917886
false_alarms (FP),139.0,215.0
missed_failures (FN),6.0,10.0
