,baseline_mean,smote_mean,improvement
recall,0.6460930640913082,0.7817383669885865,0.13564530289727827
precision,0.8639384858243606,0.5180783691499649,-0.34586011667439576
f1,0.7363457415602188,0.6217572376577485,-0.11458850390247033
roc_auc,0.9782370394125813,0.9664508543768923,-0.011786185035689067
pr_auc,0.817805662742537,0.7357211989530105,-0.0820844637895265
