recall,precision,f1,roc_auc,pr_auc
0.6716417910447762,0.8823529411764706,0.7627118644067796,0.9819552007165414,0.8398853145571
0.7058823529411765,0.8888888888888888,0.7868852459016393,0.9805139447083182,0.8497722080709526
0.5735294117647058,0.8478260869565217,0.6842105263157895,0.9837032639142613,0.7799800157050358
0.7352941176470589,0.819672131147541,0.7751937984496124,0.978420716112532,0.8353546043485675
0.5441176470588235,0.8809523809523809,0.6727272727272727,0.9665920716112532,0.784036171031029
