num_leaves,learning_rate,n_estimators,recall,precision,f1,roc_auc,pr_auc
31,0.1,100,0.743459174714662,0.71500646694773,0.7264523920503695,0.9710785735912741,0.7942348463013872
63,0.05,200,0.7081650570676031,0.781842185458386,0.7418807322352481,0.9711907644763775,0.8002504008200754
15,0.1,150,0.7553994732221246,0.6440948244394722,0.6924873772501838,0.9706933976073483,0.7741621967769876
