recall,precision,f1,roc_auc,pr_auc
0.7761194029850746,0.7878787878787878,0.7819548872180451,0.975222181899607,0.831934090585832
0.6911764705882353,0.7704918032786885,0.7286821705426356,0.96913439288759,0.8273891424863401
0.6764705882352942,0.8214285714285714,0.7419354838709677,0.9790220436000487,0.7777457893871845
0.7794117647058824,0.7794117647058824,0.7794117647058824,0.9698879551820728,0.7882557945309447
0.6176470588235294,0.75,0.6774193548387096,0.9626872488125685,0.775927187110075
