dataset,noise_level,accuracy,precision,recall,f1_score,roc_auc
Original Clean Data,0%,0.9865,0.8912557772764111,0.9078827183047131,0.8993811943452231,0.9730087687248812
